{
  "2531708525": true,
  "2858674841": true,
  "3418112885": true,
  "3418295064": true,
  "3658803003": true,
  "3855843886": true,
  "4222737749": true,
  "DN2158-101": true,
  "DO2423-739": true,
  "DH3344-883": true,
  "DD8014-300": true,
  "DD3111-102": true,
  "CZ8281-234": true,
  "CZ2650-004": true,
  "DO2408-739": true,
  "DH4439-001": true,
  "DD7099-100": true,
  "DC8796-400": true,
  "DA1923-001": true,
  "DO6714-001": true,
  "DD8337-400": true,
  "AH6789-001": true,
  "CT2423-009": true,
  "CW5992-200": true,
  "BQ5373-700": true,
  "DD1096-608": true,
  "BQ5374-700": true,
  "DH2920-111": true,
  "CT3839-100": true,
  "DO6726-100": true,
  "CU4111-001": true,
  "DD1094-411": true,
  "DD1113-003": true,
  "DJ5455-100": true,
  "AO4568-103": true,
  "DM9056-100": true,
  "DJ5458-100": true,
  "CI9924-700": true,
  "CZ2853-401": true,
  "DC7723-001": true,
  "CZ4167-006": true,
  "DO6719-100": true,
  "CK6649-100": true,
  "DO6700-001": true,
  "DD9315-002": true,
  "DD9335-641": true,
  "CU0449-641": true,
  "DH3161-001": true,
  "DH9523-600": true,
  "DR7883-100": true,
  "CN9676-010": true,
  "DN4696-102": true,
  "CZ1055-119": true,
  "DR7886-001": true,
  "DH4776-002": true,
  "DD1068-003": true,
  "DH3437-400": true,
  "DH3438-400": true,
  "DH7146-001": true,
  "640734-604": true,
  "BQ7197-060": true,
  "DA8022-102": true,
  "DN1857-610": true,
  "DJ4697-013": true,
  "DD1105-013": true,
  "CW7358-400": true,
  "DD1103-013": true,
  "CZ1757-002": true,
  "CZ0220-136": true,
  "CZ0222-136": true,
  "CV0724-136": true,
  "DD1579-153": true,
  "CV0742-136": true,
  "DR7970-100": true,
  "BQ7196-060": true,
  "DH9595-001": true,
  "DA8021-105": true,
  "BQ6066-130": true,
  "DR0143-101": true,
  "CW7356-009": true,
  "819352-010": true,
  "DQ3658-100": true,
  "CD6867-018": true,
  "AT4662-504": true,
  "DH1042-101": true,
  "DC3431-161": true,
  "DO2407-728": true,
  "CI7850-001": true,
  "DC0803-570": true,
  "DC3725-004": true,
  "DC7329-006": true,
  "323419-602": true,
  "CK0715-300": true,
  "CZ1685-105": true,
  "DO6146-101": true,
  "DO6147-101": true,
  "DB3551-500": true,
  "CD6864-117": true,
  "DH8640-102": true,
  "DH9601-101": true,
  "DA4086-008": true,
  "DQ1471-100": true,
  "DA4087-103": true,
  "AR4161-007": true,
  "DH8641-102": true,
  "CD6868-117": true,
  "704949-116": true,
  "DA4088-103": true,
  "DC8794-301": true,
  "DA2776-501": true,
  "DD7303-008": true,
  "704950-116": true,
  "DH9465-001": true,
  "DA2777-008": true,
  "DA2778-008": true,
  "DD7302-008": true,
  "CZ0188-005": true,
  "CN8558-405": true,
  "DD1114-006": true,
  "CW1620-007": true,
  "DA3199-600": true,
  "CN8560-001": true,
  "AH8050-100": true,
  "CV0958-760": true,
  "DJ3973-506": true,
  "DH8015-001": true,
  "DO2791-100": true,
  "CD3476-700": true,
  "DC3729-500": true,
  "DH9462-001": true,
  "CW8155-001": true,
  "CZ2662-100": true,
  "CZ8280-658": true,
  "CZ4052-101": true,
  "CW3808-302": true,
  "CV1725-001": true,
  "CT2357-007": true,
  "DH9632-101": true,
  "DH3144-013": true,
  "DH4102-200": true,
  "580456-143": true,
  "CQ7743-001": true,
  "CJ3818-001": true,
  "CK2201-100": true,
  "5049009507": true,
  "CW3411-005": true,
  "DO6728-200": true,
  "DO6724-601": true,
  "DQ1470-102": true,
  "DN6995-101": true,
  "CW3421-005": true,
  "CZ7836-600": true,
  "DR7996-001": true,
  "DC3590-100": true,
  "DC8865-600": true,
  "CJ3816-006": true,
  "DJ6896-070": true,
  "DA8110-721": true,
  "DH8010-100": true,
  "DA6682-100": true,
  "CT1249-846": true,
  "CW6737-004": true,
  "CJ1661-300": true,
  "4557512820": true,
  "CT1629-100": true,
  "AO2372-006": true,
  "DA0694-500": true,
  "CI9964-600": true,
  "CT3550-003": true,
  "DH4968-100": true,
  "DA8736-101": true,
  "DC7695-002": true,
  "CV0961-004": true,
  "DH3157-002": true,
  "DR8581-800": true,
  "DC0825-004": true,
  "DO2513-100": true,
  "DM6445-001": true,
  "DD8959-001": true,
  "DH0249-001": true,
  "CJ1682-004": true,
  "943827-001": true,
  "DD3237-002": true,
  "5849456298": true,
  "DA1468-004": true,
  "DC4769-101": true,
  "DC4231-400": true,
  "CW2386-600": true,
  "CW3935-006": true,
  "CW3413-003": true,
  "8354433467": true,
  "DB2477-001": true,
  "8644817897": true,
  "CW6735-002": true,
  "DC0481-300": true,
  "BQ5776-001": true,
  "DM1685-006": true,
  "CV8121-012": true,
  "DJ6257-001": true,
  "DA1329-075": true,
  "DA6674-002": true,
  "BQ5448-100": true,
  "CZ4178-011": true,
  "CK6483-001": true,
  "CI9923-005": true,
  "CW3396-030": true,
  "DC6078-100": true,
  "DM3274-100": true,
  "CZ1691-105": true,
  "AR6352-411": true,
  "CK7070-100": true,
  "DC8903-301": true,
  "CU4151-003": true,
  "CZ0907-104": true,
  "DJ9816-400": true,
  "DM2837-100": true,
  "CK9406-001": true,
  "DM2813-500": true,
  "CN9677-004": true,
  "DA8535-400": true,
  "AT4665-408": true,
  "DQ0975-100": true,
  "5820019302": true,
  "DD1646-030": true,
  "DM0729-003": true,
  "919712-023": true,
  "605112-110": true,
  "DM0840-001": true,
  "DN5080-100": true,
  "DA7245-001": true,
  "DA0418-001": true,
  "DC9389-400": true,
  "DN5464-001": true,
  "DB0824-176": true,
  "CZ1856-002": true,
  "8014884521": true,
  "DB2859-506": true,
  "CT2228-103": true,
  "9663720862": true,
  "DA1925-001": true,
  "604133-139": true,
  "812654-010": true,
  "CI0919-001": true,
  "9753985534": true,
  "DJ0417-100": true,
  "CV1889-700": true,
  "DC4831-100": true,
  "DB1110-001": true,
  "CZ0238-100": true,
  "DH3158-101": true,
  "DC6477-003": true,
  "CJ1677-603": true,
  "DA6698-001": true,
  "DN1856-061": true,
  "DA1183-004": true,
  "DM7602-001": true,
  "5979373746": true,
  "CW1648-004": true,
  "CZ8482-004": true,
  "6855051040": true,
  "CJ6106-100": true,
  "DC2646-400": true,
  "DO6383-001": true,
  "7862401916": true,
  "4804189552": true,
  "9291716228": true,
  "CI9925-700": true,
  "DN3732-200": true,
  "7912970721": true,
  "AR4162-007": true,
  "CK2944-002": true,
  "DC9478-001": true,
  "DC9660-001": true,
  "BQ5453-100": true,
  "CK2948-002": true,
  "DQ4124-101": true,
  "CZ5478-100": true,
  "4428358328": true,
  "DA2748-100": true,
  "DC8877-200": true,
  "DC8868-001": true,
  "DA8697-001": true,
  "CD3463-010": true
}
